"","xmin","xmax","ymin","ymax","region"
"1",-1.46870103323802,1.46472113625795,-0.0686317565893951,0.0686317565893951,"90"
"2",-1.90903315000032,1.86572002224653,-0.0686317565893951,0.0686317565893951,"95"
"3",-2.83316893764949,2.55202861973018,-0.0686317565893951,0.0686317565893951,"99"
"4",-4.57969925192704,3.21309529561192,-0.0686317565893951,0.0686317565893951,"99.9"
"5",0.049668615430246,0.049668615430246,9.79641490772758e-05,9.79641490772758e-05,"median"
