"","xmin","xmax","ymin","ymax","region"
"1",-1.78471330500631,1.67082248380271,-0.0348829563085416,0.0348829563085416,"90"
"2",-2.33893126664315,2.05135853312669,-0.0348829563085416,0.0348829563085416,"95"
"3",-3.64932778010779,2.67519893977677,-0.0393111957597381,0.0393111957597381,"99"
"4",-5.51167394870064,3.30321415508588,-0.0393111957597381,0.0393111957597381,"99.9"
"5",0.123252534730988,0.123252534730988,-8.35094465780043e-05,-8.35094465780043e-05,"median"
