"","xmin","xmax","ymin","ymax","region"
"1",-1.29165038904161,1.81246200715627,-0.00536653152804898,0.00536653152804898,"90"
"2",-1.41696035471373,2.72123034965684,-0.00713732362780915,0.00713732362780915,"95"
"3",-1.56197569245799,5.00935231018969,-0.0115232678926797,0.0115232678926797,"99"
"4",-1.62981039412077,9.33815878949229,-0.0149019848542185,0.0149019848542185,"99.9"
"5",-0.402746614746095,-0.402746614746095,-9.02637520575798e-06,-9.02637520575798e-06,"median"
