"","xmin","xmax","ymin","ymax","region"
"1",-1.86604066547065,1.5731867092841,-0.0171254363529115,0.0171254363529115,"90"
"2",-2.60292008240341,1.88634547914765,-0.0362723405873279,0.0362723405873279,"95"
"3",-4.24230793506391,2.33614875476032,-0.0362723405873279,0.0362723405873279,"99"
"4",-6.61632719219998,2.70063018066506,-0.0362723405873279,0.0362723405873279,"99.9"
"5",0.215962494327493,0.215962494327493,-4.08785596188648e-05,-4.08785596188648e-05,"median"
