"","xmin","xmax","ymin","ymax","region"
"1",-1.3191003566469,1.795628621527,-0.0427991845163958,0.0427991845163958,"90"
"2",-1.45497943507293,2.74697280113287,-0.0618249313801125,0.0618249313801125,"95"
"3",-1.6095393433524,5.08038737130483,-0.10104516104261,0.10104516104261,"99"
"4",-1.68567723864327,8.69788800490635,-0.156365585688203,0.156365585688203,"99.9"
"5",-0.37876715371882,-0.37876715371882,-0.000276537509909542,-0.000276537509909542,"median"
