"","xmin","xmax","ymin","ymax","region"
"1",-1.67068838685611,2.08477931078765,-0.217959061611398,0.217959061611398,"90"
"2",-1.92563357733669,2.42781141700407,-0.217959061611398,0.217959061611398,"95"
"3",-2.36085463317448,2.96602331519911,-0.230732020778433,0.230732020778433,"99"
"4",-2.79969482247453,3.52184616382999,-0.243296480968538,0.243296480968538,"99.9"
"5",-0.248071782524662,-0.248071782524662,0.000885748760188214,0.000885748760188214,"median"
