"","xmin","xmax","ymin","ymax","region"
"1",-1.71239507134656,1.87474950784873,-0.381293529285339,0.381293529285339,"90"
"2",-2.09736632213107,2.51209233754927,-0.528348205179803,0.528348205179803,"95"
"3",-2.75296622136353,3.78641354083561,-0.528348205179803,0.528348205179803,"99"
"4",-3.4061742025165,5.3396285762284,-0.528348205179803,0.528348205179803,"99.9"
"5",-0.123068811639218,-0.123068811639218,-0.00271593343498668,-0.00271593343498668,"median"
