"","xmin","xmax","ymin","ymax","region"
"1",-1.61639059719022,1.87578535578408,-0.180560728254497,0.180560728254497,"90"
"2",-1.92188420119552,2.61201609640249,-0.294202577632223,0.294202577632223,"95"
"3",-2.40640225076568,4.21189624988288,-0.294202577632223,0.294202577632223,"99"
"4",-2.81224277390176,6.35201007174838,-0.294202577632223,0.294202577632223,"99.9"
"5",-0.202363464317479,-0.202363464317479,0.000240941147026012,0.000240941147026012,"median"
